{"mean":{"confidence_interval":{"confidence_level":0.95,"lower_bound":302611.532654627,"upper_bound":305322.96693316754},"point_estimate":303809.5891631782,"standard_error":696.3565267288242},"median":{"confidence_interval":{"confidence_level":0.95,"lower_bound":302123.5912624378,"upper_bound":303928.0},"point_estimate":302872.20040322584,"standard_error":477.45454766534255},"median_abs_dev":{"confidence_interval":{"confidence_level":0.95,"lower_bound":2672.4345699866767,"upper_bound":4304.580334456813},"point_estimate":3353.1225761499627,"standard_error":402.39886198221416},"slope":{"confidence_interval":{"confidence_level":0.95,"lower_bound":302665.75742005854,"upper_bound":304100.9493139096},"point_estimate":303365.05012339295,"standard_error":365.8293702923736},"std_dev":{"confidence_interval":{"confidence_level":0.95,"lower_bound":3655.7056459626447,"upper_bound":10522.722966783907},"point_estimate":6989.137370808752,"standard_error":2066.111668964756}}