{"mean":{"confidence_interval":{"confidence_level":0.95,"lower_bound":36752277.625374995,"upper_bound":37040205.95550001},"point_estimate":36881478.9,"standard_error":73781.96479093826},"median":{"confidence_interval":{"confidence_level":0.95,"lower_bound":36630872.0,"upper_bound":36730917.25},"point_estimate":36679869.0,"standard_error":25027.818532191766},"median_abs_dev":{"confidence_interval":{"confidence_level":0.95,"lower_bound":143540.1403516531,"upper_bound":260191.4769306779},"point_estimate":194589.7639453411,"standard_error":29468.444549686305},"slope":null,"std_dev":{"confidence_interval":{"confidence_level":0.95,"lower_bound":322789.30488458206,"upper_bound":1039965.7721237582},"point_estimate":741906.1086871289,"standard_error":173589.5562542435}}