{"mean":{"confidence_interval":{"confidence_level":0.95,"lower_bound":18343425.07733333,"upper_bound":18424506.102666665},"point_estimate":18383301.436666664,"standard_error":20688.865928442934},"median":{"confidence_interval":{"confidence_level":0.95,"lower_bound":18297883.666666668,"upper_bound":18387682.5},"point_estimate":18343977.166666664,"standard_error":24994.715013206318},"median_abs_dev":{"confidence_interval":{"confidence_level":0.95,"lower_bound":148514.01616334732,"upper_bound":256276.54815018084},"point_estimate":204496.4969694559,"standard_error":27294.793600684032},"slope":null,"std_dev":{"confidence_interval":{"confidence_level":0.95,"lower_bound":175646.9311532987,"upper_bound":236161.4876794698},"point_estimate":207465.88903369763,"standard_error":15464.913363209042}}