{"mean":{"confidence_interval":{"confidence_level":0.95,"lower_bound":462.2483407955586,"upper_bound":466.511388451034},"point_estimate":464.2025083905282,"standard_error":1.088883564700074},"median":{"confidence_interval":{"confidence_level":0.95,"lower_bound":459.14928615766604,"upper_bound":461.99956565062564},"point_estimate":459.91241975391483,"standard_error":0.6724224631908425},"median_abs_dev":{"confidence_interval":{"confidence_level":0.95,"lower_bound":2.7189242844736343,"upper_bound":6.439296510899093},"point_estimate":4.248209852118033,"standard_error":0.9481050505193012},"slope":{"confidence_interval":{"confidence_level":0.95,"lower_bound":461.6764634077368,"upper_bound":465.267915411944},"point_estimate":463.3603791004048,"standard_error":0.9145779260149828},"std_dev":{"confidence_interval":{"confidence_level":0.95,"lower_bound":6.390638346933957,"upper_bound":15.021286177527893},"point_estimate":10.938595423145957,"standard_error":2.2478314999177282}}