{"mean":{"confidence_interval":{"confidence_level":0.95,"lower_bound":92249150.611,"upper_bound":92665598.96474999},"point_estimate":92442799.65,"standard_error":106778.71430269326},"median":{"confidence_interval":{"confidence_level":0.95,"lower_bound":91989645.0,"upper_bound":92361829.0},"point_estimate":92216642.5,"standard_error":112267.78721688405},"median_abs_dev":{"confidence_interval":{"confidence_level":0.95,"lower_bound":443052.55927674496,"upper_bound":801703.3336669207},"point_estimate":712163.190856576,"standard_error":97825.47559145867},"slope":null,"std_dev":{"confidence_interval":{"confidence_level":0.95,"lower_bound":661882.6109253545,"upper_bound":1428321.714668283},"point_estimate":1070015.4877185107,"standard_error":197016.1253392345}}