{"mean":{"confidence_interval":{"confidence_level":0.95,"lower_bound":18313189.4215,"upper_bound":18446526.574000012},"point_estimate":18378050.99999999,"standard_error":33979.66956552246},"median":{"confidence_interval":{"confidence_level":0.95,"lower_bound":18178056.0,"upper_bound":18354011.666666668},"point_estimate":18275123.666666668,"standard_error":48003.20719759438},"median_abs_dev":{"confidence_interval":{"confidence_level":0.95,"lower_bound":185141.89561307154,"upper_bound":380674.46341417887},"point_estimate":292184.1311126975,"standard_error":50105.25016253197},"slope":null,"std_dev":{"confidence_interval":{"confidence_level":0.95,"lower_bound":291324.51875528437,"upper_bound":384257.80714063736},"point_estimate":341685.74801408034,"standard_error":23708.58613919535}}