{"mean":{"confidence_interval":{"confidence_level":0.95,"lower_bound":18450386.30466667,"upper_bound":18583021.555666674},"point_estimate":18514596.973333336,"standard_error":33836.824111488546},"median":{"confidence_interval":{"confidence_level":0.95,"lower_bound":18373856.5,"upper_bound":18540589.833333336},"point_estimate":18444210.333333336,"standard_error":43136.786566640796},"median_abs_dev":{"confidence_interval":{"confidence_level":0.95,"lower_bound":233330.10125756264,"upper_bound":361655.3064793339},"point_estimate":291121.6011315621,"standard_error":33019.64089220126},"slope":null,"std_dev":{"confidence_interval":{"confidence_level":0.95,"lower_bound":270553.8273292265,"upper_bound":407578.48070105317},"point_estimate":339524.5639688493,"standard_error":35329.26206276604}}