{"mean":{"confidence_interval":{"confidence_level":0.95,"lower_bound":800.1823372450316,"upper_bound":804.206372080225},"point_estimate":801.8673754831942,"standard_error":1.044467634101502},"median":{"confidence_interval":{"confidence_level":0.95,"lower_bound":798.9835980551054,"upper_bound":801.4191455508558},"point_estimate":799.8883309863921,"standard_error":0.5918167906186197},"median_abs_dev":{"confidence_interval":{"confidence_level":0.95,"lower_bound":3.1358963617113877,"upper_bound":5.7319360894857825},"point_estimate":4.559754984956176,"standard_error":0.6517851653020155},"slope":{"confidence_interval":{"confidence_level":0.95,"lower_bound":798.6493066000727,"upper_bound":800.728453243994},"point_estimate":799.6688193298635,"standard_error":0.5296401382182011},"std_dev":{"confidence_interval":{"confidence_level":0.95,"lower_bound":4.5893409850187865,"upper_bound":16.59797272940697},"point_estimate":10.490441587039312,"standard_error":3.893439068189903}}