{"mean":{"confidence_interval":{"confidence_level":0.95,"lower_bound":845.3125319030524,"upper_bound":858.4907721486483},"point_estimate":851.0596657029298,"standard_error":3.3868565581367114},"median":{"confidence_interval":{"confidence_level":0.95,"lower_bound":839.0970362569581,"upper_bound":846.8082687689109},"point_estimate":842.0940164109122,"standard_error":2.0142375621755715},"median_abs_dev":{"confidence_interval":{"confidence_level":0.95,"lower_bound":9.977774309330234,"upper_bound":18.990571015918036},"point_estimate":13.54265418329696,"standard_error":2.2911682153773154},"slope":{"confidence_interval":{"confidence_level":0.95,"lower_bound":843.8343633308465,"upper_bound":852.5815800484481},"point_estimate":847.999189144551,"standard_error":2.2336570386680354},"std_dev":{"confidence_interval":{"confidence_level":0.95,"lower_bound":17.614979438297876,"upper_bound":51.520123704005},"point_estimate":33.967568349674835,"standard_error":10.641687228813883}}